{"chunk_definitions":[{"row":24,"row_count":1,"visible":true,"expansion_state":0,"options":{"engine":"r","label":"setup","include":false,"dev":"png"},"document_id":"10674DC2","chunk_id":"csetup_chunk","chunk_label":"setup"},{"row":41,"row_count":1,"visible":true,"expansion_state":0,"options":{"engine":"r","label":"unnamed-chunk-2","dev":"png"},"document_id":"10674DC2","chunk_id":"cdwocfybgr71j","chunk_label":"unnamed-chunk-2"},{"row":48,"row_count":1,"visible":true,"expansion_state":0,"options":{"engine":"r","label":"unnamed-chunk-3","dev":"png"},"document_id":"10674DC2","chunk_id":"cdwx72erkhopd","chunk_label":"unnamed-chunk-3"},{"row":54,"row_count":1,"visible":true,"expansion_state":0,"options":{"engine":"r","label":"unnamed-chunk-4","dev":"png"},"document_id":"10674DC2","chunk_id":"c36jsvu9bf86t","chunk_label":"unnamed-chunk-4"},{"row":61,"row_count":1,"visible":true,"expansion_state":0,"options":{"engine":"r","message":false,"label":"unnamed-chunk-5","dev":"png"},"document_id":"10674DC2","chunk_id":"coxw41yd7thym","chunk_label":"unnamed-chunk-5"},{"row":33,"row_count":1,"visible":true,"expansion_state":0,"options":{"engine":"r","label":"unnamed-chunk-1","dev":"png"},"document_id":"10674DC2","chunk_id":"cwc7tbnid219o","chunk_label":"unnamed-chunk-1"},{"row":74,"row_count":1,"visible":true,"expansion_state":0,"options":{"engine":"r","warning":false,"message":false,"label":"unnamed-chunk-6","dev":"png"},"document_id":"10674DC2","chunk_id":"c3q70nmcisgel","chunk_label":"unnamed-chunk-6"},{"row":82,"row_count":1,"visible":true,"expansion_state":0,"options":{"engine":"r","label":"unnamed-chunk-7","dev":"png"},"document_id":"10674DC2","chunk_id":"cypfvuvfy1zqp","chunk_label":"unnamed-chunk-7"},{"row":88,"row_count":1,"visible":true,"expansion_state":0,"options":{"engine":"r","label":"unnamed-chunk-8","dev":"png"},"document_id":"10674DC2","chunk_id":"cvpk0yo868e9r","chunk_label":"unnamed-chunk-8"},{"row":94,"row_count":1,"visible":true,"expansion_state":0,"options":{"engine":"r","label":"unnamed-chunk-9","dev":"png"},"document_id":"10674DC2","chunk_id":"cp5c4yvu5m549","chunk_label":"unnamed-chunk-9"},{"row":104,"row_count":1,"visible":true,"expansion_state":0,"options":{"engine":"r","label":"unnamed-chunk-10","dev":"png"},"document_id":"10674DC2","chunk_id":"cd8csrkjnuqrl","chunk_label":"unnamed-chunk-10"},{"row":122,"row_count":1,"visible":true,"expansion_state":0,"options":{"engine":"r","message":false,"label":"unnamed-chunk-11","dev":"png"},"document_id":"10674DC2","chunk_id":"c3rve4jjuvd97","chunk_label":"unnamed-chunk-11"},{"row":155,"row_count":1,"visible":true,"expansion_state":0,"options":{"engine":"r","label":"export_africa","dev":"png"},"document_id":"10674DC2","chunk_id":"cqon7zobwu8dn","chunk_label":"export_africa"}],"doc_write_time":1708978824,"working_dir":null,"default_chunk_options":{}}