<metadata xml:lang="en"><Esri><CreaDate>20170710</CreaDate><CreaTime>15474400</CreaTime><ArcGISFormat>1.0</ArcGISFormat><ArcGISstyle>ISO 19139 Metadata Implementation Specification</ArcGISstyle><SyncOnce>FALSE</SyncOnce><DataProperties><itemProps><imsContentType>002</imsContentType><itemName Sync="TRUE">CAPAD2018_marine</itemName><nativeExtBox><westBL Sync="TRUE">70.717024</westBL><eastBL Sync="TRUE">170.366667</eastBL><southBL Sync="TRUE">-58.449470</southBL><northBL Sync="TRUE">-8.881893</northBL><exTypeCode Sync="TRUE">1</exTypeCode></nativeExtBox><itemLocation><linkage Sync="TRUE">file://\\PVAC01FILE03\erin_share$\NRS\CAPAD2018\publish\data_for_fed\CAPAD2018_marine.shp</linkage><protocol Sync="TRUE">Local Area Network</protocol></itemLocation><itemSize Sync="TRUE">41.327</itemSize></itemProps><coordRef><type Sync="TRUE">Geographic</type><geogcsn Sync="TRUE">GCS_GDA_1994</geogcsn><csUnits Sync="TRUE">Angular Unit: Degree (0.017453)</csUnits><peXml Sync="TRUE">&lt;GeographicCoordinateSystem xsi:type='typens:GeographicCoordinateSystem' xmlns:xsi='http://www.w3.org/2001/XMLSchema-instance' xmlns:xs='http://www.w3.org/2001/XMLSchema' xmlns:typens='http://www.esri.com/schemas/ArcGIS/10.6'&gt;&lt;WKT&gt;GEOGCS[&amp;quot;GCS_GDA_1994&amp;quot;,DATUM[&amp;quot;D_GDA_1994&amp;quot;,SPHEROID[&amp;quot;GRS_1980&amp;quot;,6378137.0,298.257222101]],PRIMEM[&amp;quot;Greenwich&amp;quot;,0.0],UNIT[&amp;quot;Degree&amp;quot;,0.0174532925199433],AUTHORITY[&amp;quot;EPSG&amp;quot;,4283]]&lt;/WKT&gt;&lt;XOrigin&gt;-400&lt;/XOrigin&gt;&lt;YOrigin&gt;-400&lt;/YOrigin&gt;&lt;XYScale&gt;11258999068426.238&lt;/XYScale&gt;&lt;ZOrigin&gt;-100000&lt;/ZOrigin&gt;&lt;ZScale&gt;10000&lt;/ZScale&gt;&lt;MOrigin&gt;-100000&lt;/MOrigin&gt;&lt;MScale&gt;10000&lt;/MScale&gt;&lt;XYTolerance&gt;8.9831528411952133e-09&lt;/XYTolerance&gt;&lt;ZTolerance&gt;0.001&lt;/ZTolerance&gt;&lt;MTolerance&gt;0.001&lt;/MTolerance&gt;&lt;HighPrecision&gt;true&lt;/HighPrecision&gt;&lt;LeftLongitude&gt;-180&lt;/LeftLongitude&gt;&lt;WKID&gt;4283&lt;/WKID&gt;&lt;LatestWKID&gt;4283&lt;/LatestWKID&gt;&lt;/GeographicCoordinateSystem&gt;</peXml></coordRef></DataProperties><scaleRange><minScale>500000</minScale><maxScale>50000</maxScale></scaleRange><SyncDate>20190814</SyncDate><SyncTime>10294400</SyncTime><ModDate>20190814</ModDate><ModTime>10294400</ModTime><MetaID>{62dd5778-1421-4e28-a751-384850ab0043}</MetaID><PublishedDocID>041acb07-ab24-47db-be44-d666398c66f8</PublishedDocID><ArcGISProfile>ISO19139</ArcGISProfile></Esri><mdDateSt>20190514</mdDateSt><distInfo><distTranOps><transSize Sync="TRUE">41.327</transSize></distTranOps><distributor><distorCont><rpOrgName>Australian Government Department of the Environment and Energy</rpOrgName><rpCntInfo><cntPhone><voiceNum>02 6274 1111</voiceNum><faxNum>02 6274 1666</faxNum></cntPhone><cntAddress><delPoint>GPO Box 787</delPoint><city>Canberra</city><adminArea>ACT</adminArea><postCode>2601</postCode><country>Australia</country><eMailAdd>parks.metadata@environment.gov.au</eMailAdd></cntAddress><cntOnlineRes><linkage>http://www.environment.gov.au/fed</linkage></cntOnlineRes></rpCntInfo><role><RoleCd value="005"/></role></distorCont><distorFormat><formatName>Shapefile</formatName><formatVer>1</formatVer></distorFormat><distorFormat><formatName>ArcGIS File geodatabase</formatName><formatVer>1</formatVer></distorFormat><distorTran><onLineSrc><linkage Sync="TRUE"/><orDesc>003</orDesc></onLineSrc><onLineSrc><linkage>http://www.environment.gov.au</linkage><orDesc>002</orDesc></onLineSrc></distorTran></distributor><distFormat><formatName Sync="TRUE">Shapefile</formatName></distFormat></distInfo><dataIdInfo><idCitation><resTitle>Collaborative Australian Protected Areas Database (CAPAD) 2018 - Marine</resTitle><resAltTitle>N:\NRS\CAPAD2018\publish\data_for_fed\CAPAD2018_marine.shp</resAltTitle><date><createDate>19971231</createDate><reviseDate>20190509</reviseDate></date><citId><MdIdent><identCode>ISOCW0501021076</identCode></MdIdent></citId><citRespParty><rpOrgName>Australian Government Department of the Environment and Energy</rpOrgName><rpPosName>Parks Data Manager</rpPosName><rpCntInfo><cntPhone><voiceNum>02 6274 1111</voiceNum><faxNum>02 6274 1666</faxNum></cntPhone><cntAddress><delPoint>GPO Box 787</delPoint><city>Canberra</city><adminArea>ACT</adminArea><postCode>2601</postCode><country>Australia</country><eMailAdd>parks.metadata@environment.gov.au</eMailAdd></cntAddress><cntOnlineRes><linkage>http://www.environment.gov.au/</linkage></cntOnlineRes></rpCntInfo><role><RoleCd value="002"/></role></citRespParty><citRespParty><rpOrgName>Australian Government Department of the Environment</rpOrgName><rpPosName>Metadata Publisher</rpPosName><rpCntInfo><cntPhone><voiceNum>(02) 6274 1111</voiceNum><faxNum>(02) 6274 1333</faxNum></cntPhone><cntAddress><delPoint>GPO Box 787</delPoint><city>CANBERRA</city><adminArea>ACT</adminArea><postCode>2601</postCode><country>Australia</country><eMailAdd>metadata@environment.gov.au</eMailAdd></cntAddress><cntOnlineRes><linkage>http://www.environment.gov.au/</linkage></cntOnlineRes></rpCntInfo><role><RoleCd value="010"/></role></citRespParty><otherCitDet>Collaborative Australian Protected Areas Database (CAPAD) 2018, Commonwealth of Australia 2019</otherCitDet><presForm><PresFormCd value="005" Sync="TRUE"/></presForm></idCitation><idAbs>&lt;DIV STYLE="text-align:Left;"&gt;&lt;DIV&gt;&lt;DIV&gt;&lt;P STYLE="margin:0 0 0 0;"&gt;&lt;SPAN&gt;&lt;SPAN&gt;The Collaborative Australian Protected Areas Database (CAPAD) 2018 provides both spatial and textual information about government, Indigenous and privately protected areas for Australia, in both the marine and terrestrial environments. This dataset is the marine component of the CAPAD only. Marine CAPAD provides information about off-shore protected areas in both state and Commonwealth waters. State and Territory conservation agencies supplied data current to 30 June 2018. This is the ninth version of the marine database, with previous versions released in 1997, 2002, 2004, 2008, 2010, 2012, 2014 and 2016.&lt;/SPAN&gt;&lt;/SPAN&gt;&lt;/P&gt;&lt;P /&gt;&lt;P STYLE="margin:0 0 0 0;"&gt;&lt;SPAN&gt;&lt;SPAN&gt;The Department also publishes protected areas data for the terrestrial environment. The terrestrial component of the database has been previously released in 1997, 2000, 2002, 2004, 2006, 2008 2010, 2012, 2014 and 2016.&lt;/SPAN&gt;&lt;/SPAN&gt;&lt;/P&gt;&lt;P /&gt;&lt;P STYLE="margin:0 0 0 0;"&gt;&lt;SPAN&gt;&lt;SPAN&gt;CAPAD provides a snapshot of protected areas that meet the IUCN definition of a protected area: "A protected area is a clearly defined geographical space, recognised, dedicated and managed, through legal or other effective means, to achieve the long term conservation of nature with associated ecosystem services and cultural values." (IUCN Definition 2008).&lt;/SPAN&gt;&lt;/SPAN&gt;&lt;/P&gt;&lt;P /&gt;&lt;P STYLE="margin:0 0 0 0;"&gt;&lt;SPAN&gt;&lt;SPAN&gt;The department publishes a summary of the CAPAD data biennially on its website at &lt;/SPAN&gt;&lt;/SPAN&gt;&lt;A href="http://www.environment.gov.au/capad/"&gt;&lt;SPAN&gt;&lt;SPAN&gt;http://www.environment.gov.au/capad/&lt;/SPAN&gt;&lt;/SPAN&gt;&lt;/A&gt;&lt;SPAN&gt;&lt;SPAN&gt;. &lt;/SPAN&gt;&lt;/SPAN&gt;&lt;/P&gt;&lt;P /&gt;&lt;P STYLE="margin:0 0 0 0;"&gt;&lt;SPAN&gt;&lt;SPAN&gt;CAPAD 2018 is available for use through the CC-BY 4.0 licencing model.&lt;/SPAN&gt;&lt;/SPAN&gt;&lt;/P&gt;&lt;P /&gt;&lt;P /&gt;&lt;P STYLE="margin:0 0 0 0;"&gt;&lt;SPAN&gt;&lt;SPAN&gt;The main attributes of Marine CAPAD 2018 are described below. For more information please refer to the CAPAD Technical Specification document.&lt;/SPAN&gt;&lt;/SPAN&gt;&lt;/P&gt;&lt;P /&gt;&lt;P STYLE="margin:0 0 0 0;"&gt;&lt;SPAN&gt;&lt;SPAN&gt;Marine CAPAD 2018 Attributes:&lt;/SPAN&gt;&lt;/SPAN&gt;&lt;/P&gt;&lt;P /&gt;&lt;P STYLE="margin:0 0 0 0;"&gt;&lt;SPAN&gt;&lt;SPAN&gt;PA_ID: A unique three digit code for the protected area that should persist between versions of CAPAD. This field was named 'PA_ID_grp' in CAPAD 2016.&lt;/SPAN&gt;&lt;/SPAN&gt;&lt;/P&gt;&lt;P /&gt;&lt;P STYLE="margin:0 0 0 0;"&gt;&lt;SPAN&gt;&lt;SPAN&gt;PA_PID: A unique code for a parcel or zone within a protected area that should persist between versions of CAPAD. The first three digits of the PA_PID code (the PA_ID) are common to all component polygons of a single protected area. This field was named 'PA_ID' in previous versions of CAPAD.&lt;/SPAN&gt;&lt;/SPAN&gt;&lt;/P&gt;&lt;P /&gt;&lt;P STYLE="margin:0 0 0 0;"&gt;&lt;SPAN&gt;&lt;SPAN&gt;NAME: The official (gazetted) name of a protected area.&lt;/SPAN&gt;&lt;/SPAN&gt;&lt;/P&gt;&lt;P /&gt;&lt;P STYLE="margin:0 0 0 0;"&gt;&lt;SPAN&gt;&lt;SPAN&gt;TYPE: The type of protected area according to the establishment mechanism. e.g. Marine National Park, Marine Sanctuary, Indigenous Protected Area&lt;/SPAN&gt;&lt;/SPAN&gt;&lt;/P&gt;&lt;P /&gt;&lt;P STYLE="margin:0 0 0 0;"&gt;&lt;SPAN&gt;&lt;SPAN&gt;TYPE_ABBR: The abbreviation of the protected area TYPE.&lt;/SPAN&gt;&lt;/SPAN&gt;&lt;/P&gt;&lt;P STYLE="margin:0 0 0 0;"&gt;&lt;SPAN&gt;&lt;SPAN&gt;AMP = Australian Marine Park&lt;/SPAN&gt;&lt;/SPAN&gt;&lt;/P&gt;&lt;P STYLE="margin:0 0 0 0;"&gt;&lt;SPAN&gt;&lt;SPAN&gt;AQR = Aquatic Reserve&lt;/SPAN&gt;&lt;/SPAN&gt;&lt;/P&gt;&lt;P STYLE="margin:0 0 0 0;"&gt;&lt;SPAN&gt;&lt;SPAN&gt;CA = Conservation Area&lt;/SPAN&gt;&lt;/SPAN&gt;&lt;/P&gt;&lt;P STYLE="margin:0 0 0 0;"&gt;&lt;SPAN&gt;&lt;SPAN&gt;CMR = Commonwealth Marine Reserve&lt;/SPAN&gt;&lt;/SPAN&gt;&lt;/P&gt;&lt;P STYLE="margin:0 0 0 0;"&gt;&lt;SPAN&gt;&lt;SPAN&gt;CP = Conservation Park&lt;/SPAN&gt;&lt;/SPAN&gt;&lt;/P&gt;&lt;P STYLE="margin:0 0 0 0;"&gt;&lt;SPAN&gt;&lt;SPAN&gt;DPAA = Dugong Protection Area (A)&lt;/SPAN&gt;&lt;/SPAN&gt;&lt;/P&gt;&lt;P STYLE="margin:0 0 0 0;"&gt;&lt;SPAN&gt;&lt;SPAN&gt;DPAB = Dugong Protection Area (B)&lt;/SPAN&gt;&lt;/SPAN&gt;&lt;/P&gt;&lt;P STYLE="margin:0 0 0 0;"&gt;&lt;SPAN&gt;&lt;SPAN&gt;DS = Dolphin Sanctuary&lt;/SPAN&gt;&lt;/SPAN&gt;&lt;/P&gt;&lt;P STYLE="margin:0 0 0 0;"&gt;&lt;SPAN&gt;&lt;SPAN&gt;FHAA = Fish Habitat Area (A)&lt;/SPAN&gt;&lt;/SPAN&gt;&lt;/P&gt;&lt;P STYLE="margin:0 0 0 0;"&gt;&lt;SPAN&gt;&lt;SPAN&gt;FHAB = Fish Habitat Area (B)&lt;/SPAN&gt;&lt;/SPAN&gt;&lt;/P&gt;&lt;P STYLE="margin:0 0 0 0;"&gt;&lt;SPAN&gt;&lt;SPAN&gt;FHPA = Fish Habitat Protection Area&lt;/SPAN&gt;&lt;/SPAN&gt;&lt;/P&gt;&lt;P STYLE="margin:0 0 0 0;"&gt;&lt;SPAN&gt;&lt;SPAN&gt;GR = Game Reserve&lt;/SPAN&gt;&lt;/SPAN&gt;&lt;/P&gt;&lt;P STYLE="margin:0 0 0 0;"&gt;&lt;SPAN&gt;&lt;SPAN&gt;IPA = Indigenous Protected Area&lt;/SPAN&gt;&lt;/SPAN&gt;&lt;/P&gt;&lt;P STYLE="margin:0 0 0 0;"&gt;&lt;SPAN&gt;&lt;SPAN&gt;LS = Rock Lobster Sanctuary&lt;/SPAN&gt;&lt;/SPAN&gt;&lt;/P&gt;&lt;P STYLE="margin:0 0 0 0;"&gt;&lt;SPAN&gt;&lt;SPAN&gt;MCA = Marine Conservation Area&lt;/SPAN&gt;&lt;/SPAN&gt;&lt;/P&gt;&lt;P STYLE="margin:0 0 0 0;"&gt;&lt;SPAN&gt;&lt;SPAN&gt;MMA = Marine Management Area&lt;/SPAN&gt;&lt;/SPAN&gt;&lt;/P&gt;&lt;P STYLE="margin:0 0 0 0;"&gt;&lt;SPAN&gt;&lt;SPAN&gt;MNP = Marine National Park&lt;/SPAN&gt;&lt;/SPAN&gt;&lt;/P&gt;&lt;P STYLE="margin:0 0 0 0;"&gt;&lt;SPAN&gt;&lt;SPAN&gt;MNR = Marine Nature Reserve&lt;/SPAN&gt;&lt;/SPAN&gt;&lt;/P&gt;&lt;P STYLE="margin:0 0 0 0;"&gt;&lt;SPAN&gt;&lt;SPAN&gt;MP = Marine Park&lt;/SPAN&gt;&lt;/SPAN&gt;&lt;/P&gt;&lt;P STYLE="margin:0 0 0 0;"&gt;&lt;SPAN&gt;&lt;SPAN&gt;MS = Marine Sanctuary&lt;/SPAN&gt;&lt;/SPAN&gt;&lt;/P&gt;&lt;P STYLE="margin:0 0 0 0;"&gt;&lt;SPAN&gt;&lt;SPAN&gt;NP = National Park&lt;/SPAN&gt;&lt;/SPAN&gt;&lt;/P&gt;&lt;P STYLE="margin:0 0 0 0;"&gt;&lt;SPAN&gt;&lt;SPAN&gt;NPC = National Park (Commonwealth)&lt;/SPAN&gt;&lt;/SPAN&gt;&lt;/P&gt;&lt;P STYLE="margin:0 0 0 0;"&gt;&lt;SPAN&gt;&lt;SPAN&gt;NPS4 = National Parks Act - Schedule 4 park or reserve&lt;/SPAN&gt;&lt;/SPAN&gt;&lt;/P&gt;&lt;P STYLE="margin:0 0 0 0;"&gt;&lt;SPAN&gt;&lt;SPAN&gt;NR = Nature Reserve&lt;/SPAN&gt;&lt;/SPAN&gt;&lt;/P&gt;&lt;P STYLE="margin:0 0 0 0;"&gt;&lt;SPAN&gt;&lt;SPAN&gt;S5G = 5(1)(g) Reserve&lt;/SPAN&gt;&lt;/SPAN&gt;&lt;/P&gt;&lt;P STYLE="margin:0 0 0 0;"&gt;&lt;SPAN&gt;&lt;SPAN&gt;S5H = 5(1)(h) Reserve&lt;/SPAN&gt;&lt;/SPAN&gt;&lt;/P&gt;&lt;P STYLE="margin:0 0 0 0;"&gt;&lt;SPAN&gt;&lt;SPAN&gt;SH = Shipwreck Reserve&lt;/SPAN&gt;&lt;/SPAN&gt;&lt;/P&gt;&lt;P /&gt;&lt;P STYLE="margin:0 0 0 0;"&gt;&lt;SPAN&gt;&lt;SPAN&gt;IUCN: the IUCN protected area management category ascribed by the managing authority.&lt;/SPAN&gt;&lt;/SPAN&gt;&lt;/P&gt;&lt;P STYLE="margin:0 0 0 0;"&gt;&lt;SPAN&gt;&lt;SPAN&gt;IA = Strict Nature Reserve&lt;/SPAN&gt;&lt;/SPAN&gt;&lt;/P&gt;&lt;P STYLE="margin:0 0 0 0;"&gt;&lt;SPAN&gt;&lt;SPAN&gt;IB = Wilderness Area&lt;/SPAN&gt;&lt;/SPAN&gt;&lt;/P&gt;&lt;P STYLE="margin:0 0 0 0;"&gt;&lt;SPAN&gt;&lt;SPAN&gt;II = National Park&lt;/SPAN&gt;&lt;/SPAN&gt;&lt;/P&gt;&lt;P STYLE="margin:0 0 0 0;"&gt;&lt;SPAN&gt;&lt;SPAN&gt;III = Natural Monument or Feature&lt;/SPAN&gt;&lt;/SPAN&gt;&lt;/P&gt;&lt;P STYLE="margin:0 0 0 0;"&gt;&lt;SPAN&gt;&lt;SPAN&gt;IV = Habitat/Species Management Area&lt;/SPAN&gt;&lt;/SPAN&gt;&lt;/P&gt;&lt;P STYLE="margin:0 0 0 0;"&gt;&lt;SPAN&gt;&lt;SPAN&gt;V = Protected Landscape/Seascape&lt;/SPAN&gt;&lt;/SPAN&gt;&lt;/P&gt;&lt;P STYLE="margin:0 0 0 0;"&gt;&lt;SPAN&gt;&lt;SPAN&gt;VI = Protected area with sustainable use of natural resources&lt;/SPAN&gt;&lt;/SPAN&gt;&lt;/P&gt;&lt;P STYLE="margin:0 0 0 0;"&gt;&lt;SPAN&gt;&lt;SPAN&gt;NR = (Not Reported) - For protected areas where an IUCN category is unknown and/or the data provider has not provided any related information.&lt;/SPAN&gt;&lt;/SPAN&gt;&lt;/P&gt;&lt;P STYLE="margin:0 0 0 0;"&gt;&lt;SPAN&gt;&lt;SPAN&gt;NA = (Not Applicable) - Denotes an area that does not meet the NRS criteria or the IUCN definition of a protected area but has management complimentary to the NRS.&lt;/SPAN&gt;&lt;/SPAN&gt;&lt;/P&gt;&lt;P STYLE="margin:0 0 0 0;"&gt;&lt;SPAN&gt;&lt;SPAN&gt;NAS = (Not Assigned) - The protected area meets the standard definition of protected areas but the data provider has chosen not to use the IUCN Protected Area Management Categories.&lt;/SPAN&gt;&lt;/SPAN&gt;&lt;/P&gt;&lt;P /&gt;&lt;P /&gt;&lt;P STYLE="margin:0 0 0 0;"&gt;&lt;SPAN&gt;&lt;SPAN&gt;NRS_MPA: This attribute indicates the status of the protected area in terms of meeting the standard for inclusion in the NRSMPA. For marine reserves refer to the document “Guidelines for Establishing the National Representative System of Marine Protected Areas (NRSMPA)&lt;/SPAN&gt;&lt;/SPAN&gt;&lt;/P&gt;&lt;P STYLE="margin:0 0 0 0;"&gt;&lt;SPAN&gt;&lt;SPAN&gt;Y = Yes. The sea has been assessed as a protected area that meets the standard for inclusion in the NRSMPA.&lt;/SPAN&gt;&lt;/SPAN&gt;&lt;/P&gt;&lt;P STYLE="margin:0 0 0 0;"&gt;&lt;SPAN&gt;&lt;SPAN&gt;N = No. The sea has been assessed as not meeting the standard for inclusion in the NRSMPA. It is managed for nature conservation without meeting the NRSMPA standard.&lt;/SPAN&gt;&lt;/SPAN&gt;&lt;/P&gt;&lt;P STYLE="margin:0 0 0 0;"&gt;&lt;SPAN&gt;&lt;SPAN&gt;ND = Not Determined. The sea is managed for nature conservation although it has not been assessed to determine if it meets the standard for inclusion in the NRSMPA.&lt;/SPAN&gt;&lt;/SPAN&gt;&lt;/P&gt;&lt;P /&gt;&lt;P STYLE="margin:0 0 0 0;"&gt;&lt;SPAN&gt;&lt;SPAN&gt;Note that for the calculation of area statistics only protected areas with an NRS_PA value of 'Y' or 'I' are included.&lt;/SPAN&gt;&lt;/SPAN&gt;&lt;/P&gt;&lt;P /&gt;&lt;P /&gt;&lt;P STYLE="margin:0 0 0 0;"&gt;&lt;SPAN&gt;&lt;SPAN&gt;GAZ_AREA: area in hectares as described in the nomination document (e.g. parliamentary gazettal), to the nearest hectare. Some protected areas do not have a specific area in the designation.&lt;/SPAN&gt;&lt;/SPAN&gt;&lt;/P&gt;&lt;P /&gt;&lt;P STYLE="margin:0 0 0 0;"&gt;&lt;SPAN&gt;&lt;SPAN&gt;GIS_AREA: The area of a protected area based on current spatial data in the Albers Equal Area projection calculated by DoEE using ArcGIS software. It is this field that is used to calculate the statistics provided in spreadsheets at: www.environment.gov.au/capad/&lt;/SPAN&gt;&lt;/SPAN&gt;&lt;/P&gt;&lt;P /&gt;&lt;P STYLE="margin:0 0 0 0;"&gt;&lt;SPAN&gt;&lt;SPAN&gt;GAZ_DATE: Gazettal date of the original proclamation that established any form of protected area.&lt;/SPAN&gt;&lt;/SPAN&gt;&lt;/P&gt;&lt;P /&gt;&lt;P STYLE="margin:0 0 0 0;"&gt;&lt;SPAN&gt;&lt;SPAN&gt;LATEST_GAZ: The date of the most recent gazettal or proclamation to amend the protected area. It can be the same as the GAZ_DATE if there have been no changes or additions to the protected area.&lt;/SPAN&gt;&lt;/SPAN&gt;&lt;/P&gt;&lt;P /&gt;&lt;P STYLE="margin:0 0 0 0;"&gt;&lt;SPAN&gt;&lt;SPAN&gt;STATE: The CODE for the State or Territory in which the Protected Area is located. Marine Commonwealth managed protected areas are attributed with the name of 'COM' as they are generally within Commonwealth waters. EXT= protected areas located in Australian external territories.&lt;/SPAN&gt;&lt;/SPAN&gt;&lt;/P&gt;&lt;P /&gt;&lt;P STYLE="margin:0 0 0 0;"&gt;&lt;SPAN&gt;&lt;SPAN&gt;AUTHORITY: The CODE for the authority that manages the Protected Area.&lt;/SPAN&gt;&lt;/SPAN&gt;&lt;/P&gt;&lt;P STYLE="margin:0 0 0 0;"&gt;&lt;SPAN&gt;&lt;SPAN&gt;DOEE = Australian Government, Department of the Environment and Energy&lt;/SPAN&gt;&lt;/SPAN&gt;&lt;/P&gt;&lt;P STYLE="margin:0 0 0 0;"&gt;&lt;SPAN&gt;&lt;SPAN&gt;GBRMPA = Great Barrier Reef Marine Park Authority&lt;/SPAN&gt;&lt;/SPAN&gt;&lt;/P&gt;&lt;P STYLE="margin:0 0 0 0;"&gt;&lt;SPAN&gt;&lt;SPAN&gt;IMG = Indigenous Management Group&lt;/SPAN&gt;&lt;/SPAN&gt;&lt;/P&gt;&lt;P STYLE="margin:0 0 0 0;"&gt;&lt;SPAN&gt;&lt;SPAN&gt;LILC = Local Indigenous Land Council&lt;/SPAN&gt;&lt;/SPAN&gt;&lt;/P&gt;&lt;P STYLE="margin:0 0 0 0;"&gt;&lt;SPAN&gt;&lt;SPAN&gt;NSW_DPI = NSW Department of Primary Industries&lt;/SPAN&gt;&lt;/SPAN&gt;&lt;/P&gt;&lt;P STYLE="margin:0 0 0 0;"&gt;&lt;SPAN&gt;&lt;SPAN&gt;NT_PWCNT= Parks and Wildlife Commission of the NT&lt;/SPAN&gt;&lt;/SPAN&gt;&lt;/P&gt;&lt;P STYLE="margin:0 0 0 0;"&gt;&lt;SPAN&gt;&lt;SPAN&gt;PIRSA = Primary Industries and Regions South Australia&lt;/SPAN&gt;&lt;/SPAN&gt;&lt;/P&gt;&lt;P STYLE="margin:0 0 0 0;"&gt;&lt;SPAN&gt;&lt;SPAN&gt;QLD_DAF = Queensland Department of Agriculture and Fisheries&lt;/SPAN&gt;&lt;/SPAN&gt;&lt;/P&gt;&lt;P STYLE="margin:0 0 0 0;"&gt;&lt;SPAN&gt;&lt;SPAN&gt;QLD_DES = Queensland Department of Environment and Science&lt;/SPAN&gt;&lt;/SPAN&gt;&lt;/P&gt;&lt;P STYLE="margin:0 0 0 0;"&gt;&lt;SPAN&gt;&lt;SPAN&gt;SA_DEW = South Australian Department for Environment and Water&lt;/SPAN&gt;&lt;/SPAN&gt;&lt;/P&gt;&lt;P STYLE="margin:0 0 0 0;"&gt;&lt;SPAN&gt;&lt;SPAN&gt;TAS_DPIPWE = Tasmanian Department of Primary Industries, Parks, Water and Environment&lt;/SPAN&gt;&lt;/SPAN&gt;&lt;/P&gt;&lt;P STYLE="margin:0 0 0 0;"&gt;&lt;SPAN&gt;&lt;SPAN&gt;TSRA = Torres Strait Regional Authority&lt;/SPAN&gt;&lt;/SPAN&gt;&lt;/P&gt;&lt;P STYLE="margin:0 0 0 0;"&gt;&lt;SPAN&gt;&lt;SPAN&gt;VIC_DELWP = Victorian Department of Environment, Land, Water and Planning&lt;/SPAN&gt;&lt;/SPAN&gt;&lt;/P&gt;&lt;P STYLE="margin:0 0 0 0;"&gt;&lt;SPAN&gt;&lt;SPAN&gt;WA_DBCA = Western Australian Department of Biodiversity, Conservation and Attractions&lt;/SPAN&gt;&lt;/SPAN&gt;&lt;/P&gt;&lt;P STYLE="margin:0 0 0 0;"&gt;&lt;SPAN&gt;&lt;SPAN&gt;WA_DPIRD = Western Australian Department of Primary Industries and Regional Development&lt;/SPAN&gt;&lt;/SPAN&gt;&lt;/P&gt;&lt;P /&gt;&lt;P /&gt;&lt;P STYLE="margin:0 0 0 0;"&gt;&lt;SPAN&gt;&lt;SPAN&gt;DATASOURCE: The CODE for the agency which supplied the Protected Area data. &lt;/SPAN&gt;&lt;/SPAN&gt;&lt;/P&gt;&lt;P STYLE="margin:0 0 0 0;"&gt;&lt;SPAN&gt;&lt;SPAN&gt;DOEE = Australian Government Department of the Environment and Energy&lt;/SPAN&gt;&lt;/SPAN&gt;&lt;/P&gt;&lt;P STYLE="margin:0 0 0 0;"&gt;&lt;SPAN&gt;&lt;SPAN&gt;GBRMPA = Great Barrier Reef Marine Park Authority&lt;/SPAN&gt;&lt;/SPAN&gt;&lt;/P&gt;&lt;P STYLE="margin:0 0 0 0;"&gt;&lt;SPAN&gt;&lt;SPAN&gt;NSW_DPI = NSW Department of Primary Industries&lt;/SPAN&gt;&lt;/SPAN&gt;&lt;/P&gt;&lt;P STYLE="margin:0 0 0 0;"&gt;&lt;SPAN&gt;&lt;SPAN&gt;NT_PWCNT= Parks and Wildlife Commission of the NT&lt;/SPAN&gt;&lt;/SPAN&gt;&lt;/P&gt;&lt;P STYLE="margin:0 0 0 0;"&gt;&lt;SPAN&gt;&lt;SPAN&gt;PIRSA = Primary Industries and Regions South Australia&lt;/SPAN&gt;&lt;/SPAN&gt;&lt;/P&gt;&lt;P STYLE="margin:0 0 0 0;"&gt;&lt;SPAN&gt;&lt;SPAN&gt;QLD_DAF = Queensland Department of Agriculture and Fisheries&lt;/SPAN&gt;&lt;/SPAN&gt;&lt;/P&gt;&lt;P STYLE="margin:0 0 0 0;"&gt;&lt;SPAN&gt;&lt;SPAN&gt;QLD_DES = Queensland Department of Environment and Science&lt;/SPAN&gt;&lt;/SPAN&gt;&lt;/P&gt;&lt;P STYLE="margin:0 0 0 0;"&gt;&lt;SPAN&gt;&lt;SPAN&gt;SA_DEW = South Australian Department of Environment and Water&lt;/SPAN&gt;&lt;/SPAN&gt;&lt;/P&gt;&lt;P STYLE="margin:0 0 0 0;"&gt;&lt;SPAN&gt;&lt;SPAN&gt;TAS_DPIPWE = Tasmanian Department of Primary Industries, Parks, Water and Environment&lt;/SPAN&gt;&lt;/SPAN&gt;&lt;/P&gt;&lt;P STYLE="margin:0 0 0 0;"&gt;&lt;SPAN&gt;&lt;SPAN&gt;TSRA = Torres Strait Regional Authority&lt;/SPAN&gt;&lt;/SPAN&gt;&lt;/P&gt;&lt;P STYLE="margin:0 0 0 0;"&gt;&lt;SPAN&gt;&lt;SPAN&gt;VIC_DELWP = Victorian Department of Environment, Land, Water and Planning&lt;/SPAN&gt;&lt;/SPAN&gt;&lt;/P&gt;&lt;P STYLE="margin:0 0 0 0;"&gt;&lt;SPAN&gt;&lt;SPAN&gt;WA_DBCA = Western Australian Department of Biodiversity, Conservation and Attractions&lt;/SPAN&gt;&lt;/SPAN&gt;&lt;/P&gt;&lt;P STYLE="margin:0 0 0 0;"&gt;&lt;SPAN&gt;&lt;SPAN&gt;WA_DPIRD = Western Australian Department of Primary Industries and Regional Development&lt;/SPAN&gt;&lt;/SPAN&gt;&lt;/P&gt;&lt;P /&gt;&lt;P /&gt;&lt;P STYLE="margin:0 0 0 0;"&gt;&lt;SPAN&gt;&lt;SPAN&gt;GOVERNANCE: The CODE for the type of governance which has management and decision making responsibility.&lt;/SPAN&gt;&lt;/SPAN&gt;&lt;/P&gt;&lt;P STYLE="margin:0 0 0 0;"&gt;&lt;SPAN&gt;&lt;SPAN&gt;C = Community - Community conserved areas where indigenous peoples or local communities (settled or mobile) hold decision-making authority, responsibility and accountability.&lt;/SPAN&gt;&lt;/SPAN&gt;&lt;/P&gt;&lt;P STYLE="margin:0 0 0 0;"&gt;&lt;SPAN&gt;&lt;SPAN&gt;G = Government - Protected areas with decision-making authority, responsibility and accountability in the hands of national, state or local government&lt;/SPAN&gt;&lt;/SPAN&gt;&lt;/P&gt;&lt;P STYLE="margin:0 0 0 0;"&gt;&lt;SPAN&gt;&lt;SPAN&gt;J = Joint - Jointly managed protected areas where several social actors from different governance types share decision-making authority, responsibility and accountability. Joint management arrangements are recognised by a management board, agreement (e.g. ILUA) or other formal arrangement.&lt;/SPAN&gt;&lt;/SPAN&gt;&lt;/P&gt;&lt;P STYLE="margin:0 0 0 0;"&gt;&lt;SPAN&gt;&lt;SPAN&gt;P = Private - Private protected areas where land and resource owners hold decision-making authority, responsibility and accountability.&lt;/SPAN&gt;&lt;/SPAN&gt;&lt;/P&gt;&lt;P /&gt;&lt;P STYLE="margin:0 0 0 0;"&gt;&lt;SPAN&gt;&lt;SPAN&gt;COMMENTS: Extra information jurisdictions elect to supply. Due to the change in ENVIRON based categorisation rules in the 2016/2018 versions of CAPAD, it has been noted in the COMMENTS field of marine CAPAD if a record was previously included in terrestrial CAPAD.&lt;/SPAN&gt;&lt;/SPAN&gt;&lt;/P&gt;&lt;P /&gt;&lt;P STYLE="margin:0 0 0 0;"&gt;&lt;SPAN&gt;&lt;SPAN&gt;ENVIRON: The code denotes the environment type conserved in the protected area as described by the data custodian. A protected area can assigned an ENVIRON value of terrestrial, marine or both. &lt;/SPAN&gt;&lt;/SPAN&gt;&lt;/P&gt;&lt;P STYLE="margin:0 0 0 0;"&gt;&lt;SPAN&gt;&lt;SPAN&gt;T = Terrestrial - Generally includes land and or water above high water mark including aquatic ecosystems.&lt;/SPAN&gt;&lt;/SPAN&gt;&lt;/P&gt;&lt;P STYLE="margin:0 0 0 0;"&gt;&lt;SPAN&gt;&lt;SPAN&gt;B = Both - Includes land and water both above and below the high water mark.&lt;/SPAN&gt;&lt;/SPAN&gt;&lt;/P&gt;&lt;P STYLE="margin:0 0 0 0;"&gt;&lt;SPAN&gt;&lt;SPAN&gt;M = Marine - Generally includes land and or water below high water mark and may include islands and reefs above high water mark.&lt;/SPAN&gt;&lt;/SPAN&gt;&lt;/P&gt;&lt;P /&gt;&lt;P STYLE="margin:0 0 0 0;"&gt;&lt;SPAN&gt;&lt;SPAN&gt;Terrestrial CAPAD contains 'T' and 'B' protected areas. Marine CAPAD contains 'M' and 'B' protected areas. If a protected area is coded as 'B' by the data provider, DoEE calculates the proportional representation of marine and terrestrial areas within the protected area (all component polygons combined). If 70% or more of the protected area is marine then the whole protected area is included in the marine CAPAD dataset. If less than 70% protected area is marine then the whole protected area is included in the terrestrial CAPAD dataset.&lt;/SPAN&gt;&lt;/SPAN&gt;&lt;/P&gt;&lt;P STYLE="margin:0 0 0 0;"&gt;&lt;SPAN&gt;&lt;SPAN&gt;Prior to CAPAD 2016 only ENVIRON ='M' records were included in Marine CAPAD, all ENVIRON = 'T' or 'B' records were included in Terrestrial CAPAD. The method described above for managing ENVIRON = 'B' areas was introduced in CAPAD 2016 (and revised slightly in CAPAD 2018). &lt;/SPAN&gt;&lt;/SPAN&gt;&lt;/P&gt;&lt;P /&gt;&lt;P STYLE="margin:0 0 0 0;"&gt;&lt;SPAN&gt;&lt;SPAN&gt;MGT_PLAN: The CODE for the status of the management plan for the protected area.&lt;/SPAN&gt;&lt;/SPAN&gt;&lt;/P&gt;&lt;P STYLE="margin:0 0 0 0;"&gt;&lt;SPAN&gt;&lt;SPAN&gt;P = In Preparation - Some form of management document was being prepared.&lt;/SPAN&gt;&lt;/SPAN&gt;&lt;/P&gt;&lt;P STYLE="margin:0 0 0 0;"&gt;&lt;SPAN&gt;&lt;SPAN&gt;D = Draft - A draft management document was released for comment by the public, management board or equivalent.&lt;/SPAN&gt;&lt;/SPAN&gt;&lt;/P&gt;&lt;P STYLE="margin:0 0 0 0;"&gt;&lt;SPAN&gt;&lt;SPAN&gt;S = Statutory - Enabling legislation establishes the management of a protected area and separate management document is not required.&lt;/SPAN&gt;&lt;/SPAN&gt;&lt;/P&gt;&lt;P STYLE="margin:0 0 0 0;"&gt;&lt;SPAN&gt;&lt;SPAN&gt;I = Management Intent - A formal statement of management intent has been prepared that clearly sets out the management objectives for the protected area but includes little else.&lt;/SPAN&gt;&lt;/SPAN&gt;&lt;/P&gt;&lt;P STYLE="margin:0 0 0 0;"&gt;&lt;SPAN&gt;&lt;SPAN&gt;M = Management Plan - A formally adopted management plan that has been through consultation and contains strategies and actions for implementation for this protected area. &lt;/SPAN&gt;&lt;/SPAN&gt;&lt;/P&gt;&lt;P STYLE="margin:0 0 0 0;"&gt;&lt;SPAN&gt;&lt;SPAN&gt;R = Regional Plan - A formally adopted management plan has been through consultation and contains general strategies and actions for implementation over a group of protected areas.&lt;/SPAN&gt;&lt;/SPAN&gt;&lt;/P&gt;&lt;P STYLE="margin:0 0 0 0;"&gt;&lt;SPAN&gt;&lt;SPAN&gt;N = Unknown - No form of management document could be found.&lt;/SPAN&gt;&lt;/SPAN&gt;&lt;/P&gt;&lt;P STYLE="margin:0 0 0 0;"&gt;&lt;SPAN&gt;&lt;SPAN&gt;UR = Under Review - The management plan is under review&lt;/SPAN&gt;&lt;/SPAN&gt;&lt;/P&gt;&lt;P /&gt;&lt;P STYLE="margin:0 0 0 0;"&gt;&lt;SPAN&gt;&lt;SPAN&gt;RES_NUMBER: The reserve number (if declared) as used by the controlling authority. IPA Reserve numbers are allocated by DoEE.&lt;/SPAN&gt;&lt;/SPAN&gt;&lt;/P&gt;&lt;P /&gt;&lt;P STYLE="margin:0 0 0 0;"&gt;&lt;SPAN&gt;&lt;SPAN&gt;ZONE_TYPE: This is a concatenation of the ZONE (usually found in the COMMENTS field) and IUCN categories – for use when mapping the reserves.&lt;/SPAN&gt;&lt;/SPAN&gt;&lt;/P&gt;&lt;P /&gt;&lt;P STYLE="margin:0 0 0 0;"&gt;&lt;SPAN&gt;&lt;SPAN&gt;EPBC: This identifies if the reserve can be considered under the Commonwealth Environment Protection and Biodiversity Conservation Act 1999 (EPBC Act). &lt;/SPAN&gt;&lt;/SPAN&gt;&lt;/P&gt;&lt;P STYLE="margin:0 0 0 0;"&gt;&lt;SPAN&gt;&lt;SPAN&gt;Commonwealth = Commonwealth reserve (either a Commonwealth Marine Reserve, Marine Park, Marine Sanctuary, National Park (Commonwealth)) – as outlined in Section 342 of the Act.&lt;/SPAN&gt;&lt;/SPAN&gt;&lt;/P&gt;&lt;P STYLE="margin:0 0 0 0;"&gt;&lt;SPAN&gt;&lt;SPAN&gt;State = State managed reserve – as supplied by State/Territory authority&lt;/SPAN&gt;&lt;/SPAN&gt;&lt;/P&gt;&lt;P /&gt;&lt;P STYLE="margin:0 0 0 0;"&gt;&lt;SPAN&gt;&lt;SPAN&gt;LONGITUDE: Longitude coordinate of polygon centroid in decimal degrees, derived by DoEE from Geographics projected dataset.&lt;/SPAN&gt;&lt;/SPAN&gt;&lt;/P&gt;&lt;P /&gt;&lt;P STYLE="margin:0 0 11 0;"&gt;&lt;SPAN&gt;&lt;SPAN&gt;LATITUDE: Latitude coordinate of polygon centroid in decimal degrees, derived by DoEE from Geographics projected dataset.&lt;/SPAN&gt;&lt;/SPAN&gt;&lt;/P&gt;&lt;/DIV&gt;&lt;/DIV&gt;&lt;/DIV&gt;</idAbs><resMaint><maintFreq><MaintFreqCd value="009"/></maintFreq></resMaint><resConst><LegConsts><accessConsts><RestrictCd value="005"/></accessConsts><othConsts>CC - Attribution (CC BY)</othConsts><othConsts>This dataset is available under the CC-BY data licencing model and users are required to acknowledge the Australian Government, Department of the Environment and Energy as the source of the data in any of their uses. When citing the data please use 'Collaborative Australian Protected Areas Database (CAPAD) 2018, Commonwealth of Australia 2019'.</othConsts></LegConsts></resConst><resConst><LegConsts><accessConsts><RestrictCd value="001"/></accessConsts><othConsts>© Commonwealth of Australia (Department of the Environment) 2019</othConsts></LegConsts></resConst><resConst><LegConsts><useConsts><RestrictCd value="005"/></useConsts><othConsts>The data is supplied to the Commonwealth for compilation by States and Territories of Australia and custodianship rests with the source agencies. A list of the agencies is available in the acknowledgements section of the metadata entry.

This CAPAD data has been supplied to the Commonwealth for compilation over several months following 30 June 2018 and has taken several months to reach publication stage. Please note that the information supplied is not up-to-date at the time of publication and release by the Commonwealth.

It is the responsibility of the person using the CAPAD dataset to always check the metadata for the currency date and if required seek advice from the individual agencies on details of more recent gazettals of protected areas.</othConsts></LegConsts></resConst><resConst><LegConsts><useConsts><RestrictCd value="007"/></useConsts><othConsts>Display - No</othConsts><othConsts>Attributes - No</othConsts><othConsts>Geometry - No</othConsts><othConsts>Other - No</othConsts></LegConsts></resConst><dsFormat><formatVer>1</formatVer></dsFormat><dataExr><geoEle><GeoBndBox><exTypeCode>1</exTypeCode></GeoBndBox></geoEle></dataExr><distributor><distorCont><rpPosName>Parks Data Manager</rpPosName></distorCont></distributor><graphOver><bgFileName>http://intspat01.ris.environment.gov.au/metadata_int/images/62dd5778-1421-4e28-a751-384850ab0043.jpg</bgFileName></graphOver><envirDesc Sync="TRUE">Microsoft Windows 7 Version 6.1 (Build 7601) Service Pack 1; Esri ArcGIS 10.6.0.8321</envirDesc><spatRpType><SpatRepTypCd value="001" Sync="TRUE"/></spatRpType><idStatus><ProgCd value="001"/></idStatus><idPoC><rpOrgName>Australian Government Department of the Environment and Energy</rpOrgName><rpPosName>Parks Data Manager</rpPosName><rpCntInfo><cntPhone><voiceNum>02 6274 1111</voiceNum><faxNum>02 6274 1666</faxNum></cntPhone><cntAddress><delPoint>GPO Box 787</delPoint><city>Canberra</city><adminArea>ACT</adminArea><postCode>2601</postCode><country>Australia</country><eMailAdd>parks.metadata@environment.gov.au</eMailAdd></cntAddress><cntOnlineRes><linkage>http://www.environment.gov.au/</linkage></cntOnlineRes></rpCntInfo><role><RoleCd value="007"/></role></idPoC><themeKeys><thesaName><resTitle>ANZLIC Search Words</resTitle><date><reviseDate>20080515</reviseDate></date><resEd>Version 2.1</resEd><resEdDate>20080515</resEdDate></thesaName><keyword>BOUNDARIES</keyword><keyword>MARINE</keyword></themeKeys><dataScale><equScale><rfDenom>250000</rfDenom></equScale></dataScale><suppInfo>to be published externally</suppInfo><dataLang><languageCode value="en"/><countryCode value="AUS" Sync="TRUE"/></dataLang><dataChar><CharSetCd value="004"/></dataChar><idCredit>The data is supplied to the Commonwealth for compilation by States and Territories of Australia and custodianship rests with the source agencies. See below for a list of contributing agencies.</idCredit><idCredit>Australian Government Department of the Environment and Energy, Great Barrier Reef Marine Park Authority, NSW Department of Primary Industries, Parks and Wildlife Commission of the NT, Primary Industries and Regions South Australia, Queensland Department of Agriculture and Fisheries, Queensland Department of Environment and Science, South Australian Department of Environment, Water and Natural Resources, Tasmanian Department of Primary Industries, Parks, Water and Environment, Torres Strait Regional Authority, Victorian Department of Environment, Land, Water and Planning, Western Australian Department of Biodiversity, Conservation and Attractions, Western Australian Department of Fisheries</idCredit><dataExt><geoEle><GeoBndBox><northBL>-9</northBL><southBL>-58</southBL><westBL>70</westBL><eastBL>170</eastBL><exTypeCode>1</exTypeCode></GeoBndBox></geoEle></dataExt><dataExt><geoEle xmlns=""><GeoBndBox esriExtentType="search"><exTypeCode Sync="TRUE">1</exTypeCode><westBL Sync="TRUE">70.717024</westBL><eastBL Sync="TRUE">170.366667</eastBL><northBL Sync="TRUE">-8.881893</northBL><southBL Sync="TRUE">-58.449470</southBL></GeoBndBox></geoEle></dataExt><tpCat><TopicCatCd value="007"/></tpCat></dataIdInfo><dqInfo><dataLineage><statement>The Collaborative Australian Protected Areas Database (CAPAD) 2018 - Marine, provides both spatial and text information about off-shore protected areas in both state and commonwealth waters. State and Territory conservation agencies supplied data current to 30 June 2018. This is the ninth version of the marine database, with previous versions released in 1997, 2002, 2004, 2008, 2010, 2012, 2014 and 2016. CAPAD provides a snapshot of protected areas that meet the IUCN definition of a protected area.

Where appropriate attribute information (as per CAPAD technical specifications) was not provided, comparisons were made between data supplied and previous CAPAD versions. Anomalies were corrected by data suppliers or confirmed to be valid. Validation of attribute information and topological structure has been undertaken by the Australian Government, Department of the Environment and Energy. Where appropriate updates and amendments have been made to ensure consistency and topological integrity.</statement></dataLineage><report type="DQAbsExtPosAcc"><measResult><ConResult><conSpec><resTitle>Absolute External Positional Accuracy Check</resTitle><date><reviseDate>20190514</reviseDate><refDateType><DateTypCd value="003"/></refDateType></date></conSpec><conExpl>Variable from &lt; 1m to 500m.</conExpl><conPass>1</conPass></ConResult></measResult></report><report type="DQNonQuanAttAcc"><measResult><ConResult><conSpec><resTitle>Non Quantitative Attribute Accuracy Check</resTitle><date><reviseDate>20190514</reviseDate><refDateType><DateTypCd value="003"/></refDateType></date></conSpec><conExpl>Where appropriate attribute information (as per CAPAD technical specifications) was not provided, comparisons were made between data supplied and previous CAPAD versions. Anomalies were corrected by data suppliers or confirmed to be valid. Validation of attribute information and topological structure has been undertaken by the Australian Government, Department of the Environment and Energy. Where appropriate updates and amendments have been made to ensure consistency.</conExpl><conPass>1</conPass></ConResult></measResult></report><report type="DQConcConsis"><measResult><ConResult><conSpec><resTitle>Conceptual Consistency Check</resTitle><date><reviseDate>20190514</reviseDate><refDateType><DateTypCd value="003"/></refDateType></date></conSpec><conExpl>Attribute data conform to the nationally agreed CAPAD specifications. All source datasets which were not consistent with the CAPAD standards were corrected as required. Polygons were given visual checks for spatial errors and for appropriate attribute information.</conExpl><conPass>1</conPass></ConResult></measResult></report><report type="DQCompOm"><measResult><ConResult><conSpec><resTitle>Completeness Omission Check</resTitle><date><reviseDate>20190514</reviseDate><refDateType><DateTypCd value="003"/></refDateType></date></conSpec><conExpl>The currency of the data provided varies from jurisdiction to jurisdiction.</conExpl><conPass>1</conPass></ConResult></measResult></report><dqScope><scpLvl><ScopeCd value="005"/></scpLvl></dqScope></dqInfo><dataSetURI>file://\\PVAC01FILE03\erin_share$\NRS\CAPAD2018\publish\data_for_fed\CAPAD2018_marine.shp</dataSetURI><eainfo><detailed Name="CAPAD2018_marine"><enttyp><enttypl Sync="TRUE">CAPAD2018_marine</enttypl><enttypt Sync="TRUE">Feature Class</enttypt><enttypc Sync="TRUE">3673</enttypc></enttyp><attr><attrlabl Sync="TRUE">FID</attrlabl><attalias Sync="TRUE">FID</attalias><attrtype Sync="TRUE">OID</attrtype><attwidth Sync="TRUE">4</attwidth><atprecis Sync="TRUE">0</atprecis><attscale Sync="TRUE">0</attscale><attrdef Sync="TRUE">Internal feature number.</attrdef><attrdefs Sync="TRUE">Esri</attrdefs><attrdomv><udom Sync="TRUE">Sequential unique whole numbers that are automatically generated.</udom></attrdomv></attr><attr><attrlabl Sync="TRUE">SHAPE</attrlabl><attalias Sync="TRUE">Shape</attalias><attrtype Sync="TRUE">Geometry</attrtype><attwidth Sync="TRUE">0</attwidth><atprecis Sync="TRUE">0</atprecis><attscale Sync="TRUE">0</attscale><attrdef Sync="TRUE">Feature geometry.</attrdef><attrdefs Sync="TRUE">Esri</attrdefs><attrdomv><udom Sync="TRUE">Coordinates defining the features.</udom></attrdomv></attr><attr><attrlabl Sync="TRUE">PA_ID</attrlabl><attalias Sync="TRUE">PA_ID</attalias><attrtype Sync="TRUE">String</attrtype><attwidth Sync="TRUE">20</attwidth><atprecis Sync="TRUE">0</atprecis><attscale Sync="TRUE">0</attscale></attr><attr><attrlabl Sync="TRUE">PA_PID</attrlabl><attalias Sync="TRUE">PA_PID</attalias><attrtype Sync="TRUE">String</attrtype><attwidth Sync="TRUE">20</attwidth><atprecis Sync="TRUE">0</atprecis><attscale Sync="TRUE">0</attscale></attr><attr><attrlabl Sync="TRUE">NAME</attrlabl><attalias Sync="TRUE">NAME</attalias><attrtype Sync="TRUE">String</attrtype><attwidth Sync="TRUE">254</attwidth><atprecis Sync="TRUE">0</atprecis><attscale Sync="TRUE">0</attscale></attr><attr><attrlabl Sync="TRUE">TYPE</attrlabl><attalias Sync="TRUE">TYPE</attalias><attrtype Sync="TRUE">String</attrtype><attwidth Sync="TRUE">60</attwidth><atprecis Sync="TRUE">0</atprecis><attscale Sync="TRUE">0</attscale></attr><attr><attrlabl Sync="TRUE">TYPE_ABBR</attrlabl><attalias Sync="TRUE">TYPE_ABBR</attalias><attrtype Sync="TRUE">String</attrtype><attwidth Sync="TRUE">10</attwidth><atprecis Sync="TRUE">0</atprecis><attscale Sync="TRUE">0</attscale></attr><attr><attrlabl Sync="TRUE">IUCN</attrlabl><attalias Sync="TRUE">IUCN</attalias><attrtype Sync="TRUE">String</attrtype><attwidth Sync="TRUE">5</attwidth><atprecis Sync="TRUE">0</atprecis><attscale Sync="TRUE">0</attscale></attr><attr><attrlabl Sync="TRUE">NRS_MPA</attrlabl><attalias Sync="TRUE">NRS_MPA</attalias><attrtype Sync="TRUE">String</attrtype><attwidth Sync="TRUE">5</attwidth><atprecis Sync="TRUE">0</atprecis><attscale Sync="TRUE">0</attscale></attr><attr><attrlabl Sync="TRUE">GAZ_AREA</attrlabl><attalias Sync="TRUE">GAZ_AREA</attalias><attrtype Sync="TRUE">Double</attrtype><attwidth Sync="TRUE">19</attwidth><atprecis Sync="TRUE">18</atprecis><attscale Sync="TRUE">8</attscale></attr><attr><attrlabl Sync="TRUE">GIS_AREA</attrlabl><attalias Sync="TRUE">GIS_AREA</attalias><attrtype Sync="TRUE">Double</attrtype><attwidth Sync="TRUE">19</attwidth><atprecis Sync="TRUE">18</atprecis><attscale Sync="TRUE">8</attscale></attr><attr><attrlabl Sync="TRUE">GAZ_DATE</attrlabl><attalias Sync="TRUE">GAZ_DATE</attalias><attrtype Sync="TRUE">Date</attrtype><attwidth Sync="TRUE">8</attwidth><atprecis Sync="TRUE">0</atprecis><attscale Sync="TRUE">0</attscale></attr><attr><attrlabl Sync="TRUE">LATEST_GAZ</attrlabl><attalias Sync="TRUE">LATEST_GAZ</attalias><attrtype Sync="TRUE">Date</attrtype><attwidth Sync="TRUE">8</attwidth><atprecis Sync="TRUE">0</atprecis><attscale Sync="TRUE">0</attscale></attr><attr><attrlabl Sync="TRUE">STATE</attrlabl><attalias Sync="TRUE">STATE</attalias><attrtype Sync="TRUE">String</attrtype><attwidth Sync="TRUE">4</attwidth><atprecis Sync="TRUE">0</atprecis><attscale Sync="TRUE">0</attscale></attr><attr><attrlabl Sync="TRUE">AUTHORITY</attrlabl><attalias Sync="TRUE">AUTHORITY</attalias><attrtype Sync="TRUE">String</attrtype><attwidth Sync="TRUE">15</attwidth><atprecis Sync="TRUE">0</atprecis><attscale Sync="TRUE">0</attscale></attr><attr><attrlabl Sync="TRUE">DATASOURCE</attrlabl><attalias Sync="TRUE">DATASOURCE</attalias><attrtype Sync="TRUE">String</attrtype><attwidth Sync="TRUE">20</attwidth><atprecis Sync="TRUE">0</atprecis><attscale Sync="TRUE">0</attscale></attr><attr><attrlabl Sync="TRUE">GOVERNANCE</attrlabl><attalias Sync="TRUE">GOVERNANCE</attalias><attrtype Sync="TRUE">String</attrtype><attwidth Sync="TRUE">3</attwidth><atprecis Sync="TRUE">0</atprecis><attscale Sync="TRUE">0</attscale></attr><attr><attrlabl Sync="TRUE">COMMENTS</attrlabl><attalias Sync="TRUE">COMMENTS</attalias><attrtype Sync="TRUE">String</attrtype><attwidth Sync="TRUE">120</attwidth><atprecis Sync="TRUE">0</atprecis><attscale Sync="TRUE">0</attscale></attr><attr><attrlabl Sync="TRUE">ENVIRON</attrlabl><attalias Sync="TRUE">ENVIRON</attalias><attrtype Sync="TRUE">String</attrtype><attwidth Sync="TRUE">3</attwidth><atprecis Sync="TRUE">0</atprecis><attscale Sync="TRUE">0</attscale></attr><attr><attrlabl Sync="TRUE">MGT_PLAN</attrlabl><attalias Sync="TRUE">MGT_PLAN</attalias><attrtype Sync="TRUE">String</attrtype><attwidth Sync="TRUE">3</attwidth><atprecis Sync="TRUE">0</atprecis><attscale Sync="TRUE">0</attscale></attr><attr><attrlabl Sync="TRUE">RES_NUMBER</attrlabl><attalias Sync="TRUE">RES_NUMBER</attalias><attrtype Sync="TRUE">String</attrtype><attwidth Sync="TRUE">15</attwidth><atprecis Sync="TRUE">0</atprecis><attscale Sync="TRUE">0</attscale></attr><attr><attrlabl Sync="TRUE">ZONE_TYPE</attrlabl><attalias Sync="TRUE">ZONE_TYPE</attalias><attrtype Sync="TRUE">String</attrtype><attwidth Sync="TRUE">150</attwidth><atprecis Sync="TRUE">0</atprecis><attscale Sync="TRUE">0</attscale></attr><attr><attrlabl Sync="TRUE">EPBC</attrlabl><attalias Sync="TRUE">EPBC</attalias><attrtype Sync="TRUE">String</attrtype><attwidth Sync="TRUE">15</attwidth><atprecis Sync="TRUE">0</atprecis><attscale Sync="TRUE">0</attscale></attr><attr><attrlabl Sync="TRUE">LONGITUDE</attrlabl><attalias Sync="TRUE">LONGITUDE</attalias><attrtype Sync="TRUE">Double</attrtype><attwidth Sync="TRUE">19</attwidth><atprecis Sync="TRUE">18</atprecis><attscale Sync="TRUE">8</attscale></attr><attr><attrlabl Sync="TRUE">LATITUDE</attrlabl><attalias Sync="TRUE">LATITUDE</attalias><attrtype Sync="TRUE">Double</attrtype><attwidth Sync="TRUE">19</attwidth><atprecis Sync="TRUE">18</atprecis><attscale Sync="TRUE">8</attscale></attr><attr><attrlabl Sync="TRUE">SHAPE_AREA</attrlabl><attalias Sync="TRUE">SHAPE_AREA</attalias><attrtype Sync="TRUE">Double</attrtype><attwidth Sync="TRUE">19</attwidth><atprecis Sync="TRUE">0</atprecis><attscale Sync="TRUE">0</attscale><attrdef Sync="TRUE">Area of feature in internal units squared.</attrdef><attrdefs Sync="TRUE">Esri</attrdefs><attrdomv><udom Sync="TRUE">Positive real numbers that are automatically generated.</udom></attrdomv></attr><attr><attrlabl Sync="TRUE">SHAPE_LEN</attrlabl><attalias Sync="TRUE">SHAPE_LEN</attalias><attrtype Sync="TRUE">Double</attrtype><attwidth Sync="TRUE">19</attwidth><atprecis Sync="TRUE">0</atprecis><attscale Sync="TRUE">0</attscale></attr></detailed></eainfo><mdFileID>041acb07-ab24-47db-be44-d666398c66f8</mdFileID><mdStanName>ANZLIC Metadata Profile: An Australian/New Zealand Profile of AS/NZS ISO 19115:2005, Geographic information - Metadata</mdStanName><mdStanVer>1.1</mdStanVer><idinfo><citation><citeinfo><title>Collaborative Australian Protected Areas Database (CAPAD) 2018 - Marine</title></citeinfo></citation></idinfo><mdLang><languageCode value="eng" Sync="TRUE"/><countryCode value="AUS" Sync="TRUE"/></mdLang><mdHrLv><ScopeCd value="005" Sync="TRUE"/></mdHrLv><mdHrLvName Sync="TRUE">dataset</mdHrLvName><refSysInfo><RefSystem><refSysID><identCode code="4283" Sync="TRUE"/><idCodeSpace Sync="TRUE">EPSG</idCodeSpace><idVersion Sync="TRUE">8.3.4(3.0.1)</idVersion></refSysID></RefSystem></refSysInfo><spatRepInfo><VectSpatRep><geometObjs Name="CAPAD2018_marine"><geoObjTyp><GeoObjTypCd value="002" Sync="TRUE"></GeoObjTypCd></geoObjTyp><geoObjCnt Sync="TRUE">3673</geoObjCnt></geometObjs><topLvl><TopoLevCd value="001" Sync="TRUE"></TopoLevCd></topLvl></VectSpatRep></spatRepInfo><spdoinfo><ptvctinf><esriterm Name="CAPAD2018_marine"><efeatyp Sync="TRUE">Simple</efeatyp><efeageom code="4" Sync="TRUE"></efeageom><esritopo Sync="TRUE">FALSE</esritopo><efeacnt Sync="TRUE">3673</efeacnt><spindex Sync="TRUE">FALSE</spindex><linrefer Sync="TRUE">FALSE</linrefer></esriterm></ptvctinf></spdoinfo><mdContact><rpOrgName>Australian Government Department of the Environment and Energy</rpOrgName><rpPosName>Parks Data Manager</rpPosName><rpCntInfo><cntPhone><voiceNum>02 6274 1111</voiceNum><faxNum>02 6274 1666</faxNum></cntPhone><cntAddress><delPoint>GPO Box 787</delPoint><city>Canberra</city><adminArea>ACT</adminArea><postCode>2601</postCode><country>Australia</country><eMailAdd>parks.metadata@environment.gov.au</eMailAdd></cntAddress><cntOnlineRes><linkage>http://www.environment.gov.au/</linkage></cntOnlineRes></rpCntInfo><role><RoleCd value="007"/></role></mdContact></metadata>
