{"chunk_definitions":[{"row":14,"row_count":1,"visible":true,"expansion_state":0,"options":{"engine":"r","label":"setup","include":false,"dev":"png"},"document_id":"5F5717AD","chunk_id":"csetup_chunk","chunk_label":"setup"},{"row":26,"row_count":1,"visible":true,"expansion_state":0,"options":{"engine":"r","label":"cars","dev":"png"},"document_id":"5F5717AD","chunk_id":"c0v2zlkik0f3e","chunk_label":"cars"},{"row":78,"row_count":1,"visible":true,"expansion_state":0,"options":{"engine":"r","label":"cars_divide","dev":"png"},"document_id":"5F5717AD","chunk_id":"c9zypqgon0all","chunk_label":"cars_divide"},{"row":94,"row_count":1,"visible":true,"expansion_state":0,"options":{"engine":"r","label":"carsdf","dev":"png"},"document_id":"5F5717AD","chunk_id":"csrx2d4868prx","chunk_label":"carsdf"},{"row":123,"row_count":1,"visible":true,"expansion_state":0,"options":{"engine":"r","label":"exames","dev":"png"},"document_id":"5F5717AD","chunk_id":"coy55sei2tkf7","chunk_label":"exames"},{"row":132,"row_count":1,"visible":true,"expansion_state":1,"options":{"engine":"r","label":"dfcombined","dev":"png"},"document_id":"5F5717AD","chunk_id":"ccw9qq6kglld6","chunk_label":"dfcombined"},{"row":147,"row_count":1,"visible":true,"expansion_state":0,"options":{"engine":"r","label":"aggregate","dev":"png"},"document_id":"5F5717AD","chunk_id":"cvuwtawu7b5el","chunk_label":"aggregate"}],"doc_write_time":1708372633,"working_dir":null,"default_chunk_options":{}}