<?xml version="1.0" encoding="UTF-8"?><metadata>
    <idinfo>
        <citation>
            <citeinfo>
                <title>Roads</title>
                <geoform>vector digital data</geoform>
            </citeinfo>
        </citation>
        <descript>
            <abstract>Last Update: 01/07/2021The statewide roads dataset is a multi-purpose statewide roads dataset for cartography and range based-address location. This dataset is also used as the base geometry for deriving the GIS-representation of UDOT's highway linear referencing system (LRS). A network analysis dataset for route-finding can also be derived from this dataset. This dataset utilizes a data model based on Next-Generation 911 standards and the Federal Highway Administration's All Roads Network Of Linear-referenced Data (ARNOLD) reporting requirements for state DOTs. AGRC adopted this data model on September 13th, 2017.The statewide roads dataset is maintained by AGRC in partnership with local governments, the Utah 911 Committee, and UDOT. This dataset is updated monthly with Davis, Salt Lake, Utah, Washington and Weber represented every month, along with additional counties based on an annual update schedule. AGRC obtains the data from the authoritative data source (typically county agencies), projects the data and attributes into the current data model, spatially assigns polygon-based fields based on the appropriate SGID boundary, and then standardizes the attribute values to ensure statewide consistency. AGRC also generates a UNIQUE_ID field based on the segment's location in the US National Grid, with the street name then tacked on. The UNIQUE_ID field is static and is AGRC's current, ad hoc solution to a persistent global id. More information about the data model can be found here: https://docs.google.com/spreadsheets/d/1jQ_JuRIEtzxj60F0FAGmdu5JrFpfYBbSt3YzzCjxpfI/edit#gid=811360546 More information about the data model transition can be found here: https://gis.utah.gov/major-updates-coming-to-roads-data-model/More information can be found on the AGRC data page for this layer:https://gis.utah.gov/data/transportation/roads-system/</abstract>
            <purpose>The statewide roads dataset is a multi-purpose statewide roads dataset for cartography and range based-address location. This dataset is also used as the base geometry for deriving the GIS-representation of UDOT's highway linear referencing system (LRS). A network analysis dataset for route-finding can also be derived from this dataset.  
This dataset utilizes a data model based on Next-Generation 911 standards and the Federal Highway Administration's All Roads Network Of Linear-referenced Data (ARNOLD) reporting requirements for state DOTs. AGRC adopted this data model on September 13th, 2017.</purpose>
        </descript>
        <spdom>
            <bounding>
                <westbc>-114.275471</westbc>
                <eastbc>-108.903015</eastbc>
                <northbc>42.032059</northbc>
                <southbc>36.944743</southbc>
            </bounding>
        </spdom>
        <keywords>
            <theme>
                <themekt>None</themekt>
                <themekey>AGRC</themekey>
                <themekey>SGID</themekey>
                <themekey>Transportation</themekey>
                <themekey>Streets</themekey>
                <themekey>Arcgis</themekey>
                <themekey>Centerlines</themekey>
                <themekey>Addressing</themekey>
                <themekey>Geocoding</themekey>
                <themekey>Location</themekey>
                <themekey>UDOT</themekey>
                <themekey>Address Ranges</themekey>
                <themekey>Highway</themekey>
                <themekey>Freeway</themekey>
                <themekey>Routes</themekey>
                <themekey>DOT</themekey>
                <themekey>Next Generation 911</themekey>
                <themekey>Federal Highway Administration</themekey>
                <themekey>All Roads Network of Linear-Referenced Data</themekey>
                <themekey>Arnold</themekey>
            </theme>
        </keywords>
        <accconst>None</accconst>
        <useconst>The data, including but not limited to geographic data, tabular data, and analytical data, are provided "as is" and "as available", with no guarantees relating to the availability, completeness, or accuracy of data, and without any express or implied warranties. These data are provided as a public service for informational purposes only. You are solely responsible for obtaining the proper evaluation of a location and associated data by a qualified professional. AGRC reserves the right to change, revise, suspend or discontinue published data and services without notice at any time. Neither AGRC nor the State of Utah are responsible for any misuse or misrepresentation of the data. AGRC and the State of Utah are not obligated to provide you with any maintenance or support. The user assumes the entire risk as to the quality and performance of the data. You agree to hold the State of Utah harmless for any claims, liability, costs, and damages relating to your use of the data. You agree that your sole remedy for any dissatisfaction or claims is to discontinue use of the data.</useconst>
        <datacred>Utah AGRC</datacred>
        <native> Version 6.2 (Build 9200) ; Esri ArcGIS 10.7.1.11595</native>
    </idinfo>
    <spdoinfo>
        <direct>Vector</direct>
        <ptvctinf>
            <sdtsterm>
                <sdtstype>String</sdtstype>
                <ptvctcnt>396568</ptvctcnt>
            </sdtsterm>
        </ptvctinf>
    </spdoinfo>
    <eainfo>
        <detailed>
            <enttyp>
                <enttypl>Roads</enttypl>
            </enttyp>
            <attr>
                <attrlabl>OBJECTID</attrlabl>
                <attrdef>Internal feature number.</attrdef>
                <attrdefs>Esri</attrdefs>
                <attrdomv>
                                        
                    
                    <udom>Sequential unique whole numbers that are automatically generated.</udom>
                                        
                
                </attrdomv>
            </attr>
            <attr>
                <attrlabl>STATUS</attrlabl>
            </attr>
            <attr>
                <attrlabl>CARTOCODE</attrlabl>
            </attr>
            <attr>
                <attrlabl>FULLNAME</attrlabl>
            </attr>
            <attr>
                <attrlabl>FROMADDR_L</attrlabl>
            </attr>
            <attr>
                <attrlabl>TOADDR_L</attrlabl>
            </attr>
            <attr>
                <attrlabl>FROMADDR_R</attrlabl>
            </attr>
            <attr>
                <attrlabl>TOADDR_R</attrlabl>
            </attr>
            <attr>
                <attrlabl>PARITY_L</attrlabl>
            </attr>
            <attr>
                <attrlabl>PARITY_R</attrlabl>
            </attr>
            <attr>
                <attrlabl>PREDIR</attrlabl>
            </attr>
            <attr>
                <attrlabl>NAME</attrlabl>
            </attr>
            <attr>
                <attrlabl>POSTTYPE</attrlabl>
            </attr>
            <attr>
                <attrlabl>POSTDIR</attrlabl>
            </attr>
            <attr>
                <attrlabl>AN_NAME</attrlabl>
            </attr>
            <attr>
                <attrlabl>AN_POSTDIR</attrlabl>
            </attr>
            <attr>
                <attrlabl>A1_PREDIR</attrlabl>
            </attr>
            <attr>
                <attrlabl>A1_NAME</attrlabl>
            </attr>
            <attr>
                <attrlabl>A1_POSTTYPE</attrlabl>
            </attr>
            <attr>
                <attrlabl>A1_POSTDIR</attrlabl>
            </attr>
            <attr>
                <attrlabl>A2_PREDIR</attrlabl>
            </attr>
            <attr>
                <attrlabl>A2_NAME</attrlabl>
            </attr>
            <attr>
                <attrlabl>A2_POSTTYPE</attrlabl>
            </attr>
            <attr>
                <attrlabl>A2_POSTDIR</attrlabl>
            </attr>
            <attr>
                <attrlabl>QUADRANT_L</attrlabl>
            </attr>
            <attr>
                <attrlabl>QUADRANT_R</attrlabl>
            </attr>
            <attr>
                <attrlabl>STATE_L</attrlabl>
            </attr>
            <attr>
                <attrlabl>STATE_R</attrlabl>
            </attr>
            <attr>
                <attrlabl>COUNTY_L</attrlabl>
            </attr>
            <attr>
                <attrlabl>COUNTY_R</attrlabl>
            </attr>
            <attr>
                <attrlabl>ADDRSYS_L</attrlabl>
            </attr>
            <attr>
                <attrlabl>ADDRSYS_R</attrlabl>
            </attr>
            <attr>
                <attrlabl>POSTCOMM_L</attrlabl>
            </attr>
            <attr>
                <attrlabl>POSTCOMM_R</attrlabl>
            </attr>
            <attr>
                <attrlabl>ZIPCODE_L</attrlabl>
            </attr>
            <attr>
                <attrlabl>ZIPCODE_R</attrlabl>
            </attr>
            <attr>
                <attrlabl>INCMUNI_L</attrlabl>
            </attr>
            <attr>
                <attrlabl>INCMUNI_R</attrlabl>
            </attr>
            <attr>
                <attrlabl>UNINCCOM_L</attrlabl>
            </attr>
            <attr>
                <attrlabl>UNINCCOM_R</attrlabl>
            </attr>
            <attr>
                <attrlabl>NBRHDCOM_L</attrlabl>
            </attr>
            <attr>
                <attrlabl>NBRHDCOM_R</attrlabl>
            </attr>
            <attr>
                <attrlabl>ER_CAD_ZONES</attrlabl>
            </attr>
            <attr>
                <attrlabl>ESN_L</attrlabl>
            </attr>
            <attr>
                <attrlabl>ESN_R</attrlabl>
            </attr>
            <attr>
                <attrlabl>MSAGCOMM_L</attrlabl>
            </attr>
            <attr>
                <attrlabl>MSAGCOMM_R</attrlabl>
            </attr>
            <attr>
                <attrlabl>ONEWAY</attrlabl>
            </attr>
            <attr>
                <attrlabl>VERT_LEVEL</attrlabl>
            </attr>
            <attr>
                <attrlabl>SPEED_LMT</attrlabl>
            </attr>
            <attr>
                <attrlabl>ACCESSCODE</attrlabl>
            </attr>
            <attr>
                <attrlabl>DOT_HWYNAM</attrlabl>
            </attr>
            <attr>
                <attrlabl>DOT_RTNAME</attrlabl>
            </attr>
            <attr>
                <attrlabl>DOT_RTPART</attrlabl>
            </attr>
            <attr>
                <attrlabl>DOT_F_MILE</attrlabl>
            </attr>
            <attr>
                <attrlabl>DOT_T_MILE</attrlabl>
            </attr>
            <attr>
                <attrlabl>DOT_FCLASS</attrlabl>
            </attr>
            <attr>
                <attrlabl>DOT_SRFTYP</attrlabl>
            </attr>
            <attr>
                <attrlabl>DOT_CLASS</attrlabl>
            </attr>
            <attr>
                <attrlabl>DOT_OWN_L</attrlabl>
            </attr>
            <attr>
                <attrlabl>DOT_OWN_R</attrlabl>
            </attr>
            <attr>
                <attrlabl>DOT_AADT</attrlabl>
            </attr>
            <attr>
                <attrlabl>DOT_AADTYR</attrlabl>
            </attr>
            <attr>
                <attrlabl>DOT_THRULANES</attrlabl>
            </attr>
            <attr>
                <attrlabl>BIKE_L</attrlabl>
            </attr>
            <attr>
                <attrlabl>BIKE_R</attrlabl>
            </attr>
            <attr>
                <attrlabl>BIKE_PLN_L</attrlabl>
            </attr>
            <attr>
                <attrlabl>BIKE_PLN_R</attrlabl>
            </attr>
            <attr>
                <attrlabl>BIKE_REGPR</attrlabl>
            </attr>
            <attr>
                <attrlabl>BIKE_NOTES</attrlabl>
            </attr>
            <attr>
                <attrlabl>UNIQUE_ID</attrlabl>
            </attr>
            <attr>
                <attrlabl>LOCAL_UID</attrlabl>
            </attr>
            <attr>
                <attrlabl>UTAHRD_UID</attrlabl>
            </attr>
            <attr>
                <attrlabl>SOURCE</attrlabl>
            </attr>
            <attr>
                <attrlabl>UPDATED</attrlabl>
            </attr>
            <attr>
                <attrlabl>EFFECTIVE</attrlabl>
            </attr>
            <attr>
                <attrlabl>EXPIRE</attrlabl>
            </attr>
            <attr>
                <attrlabl>CREATED</attrlabl>
            </attr>
            <attr>
                <attrlabl>CREATOR</attrlabl>
            </attr>
            <attr>
                <attrlabl>EDITOR</attrlabl>
            </attr>
            <attr>
                <attrlabl>CUSTOMTAGS</attrlabl>
            </attr>
            <attr>
                <attrlabl>Shape</attrlabl>
                <attrdef>Feature geometry.</attrdef>
                <attrdefs>Esri</attrdefs>
                <attrdomv>
                                        
                    
                    <udom>Coordinates defining the features.</udom>
                                        
                
                </attrdomv>
            </attr>
            <attr>
                <attrlabl>GlobalID</attrlabl>
            </attr>
            <attr>
                <attrlabl>TDMNET_L</attrlabl>
            </attr>
            <attr>
                <attrlabl>TDMNET_R</attrlabl>
            </attr>
            <attr>
                <attrlabl>PED_L</attrlabl>
            </attr>
            <attr>
                <attrlabl>PED_R</attrlabl>
            </attr>
            <attr>
                <attrlabl>Shape.STLength()</attrlabl>
            </attr>
        </detailed>
    </eainfo>
    <metainfo>
        <metd>20210114</metd>
        <metstdn>FGDC Content Standard for Digital Geospatial Metadata</metstdn>
        <metstdv>FGDC-STD-001-1998</metstdv>
        <mettc>local time</mettc>
    </metainfo>
</metadata>
